{
  "categories": [
    {
      "category_description": "Information that allows us to recognize you and your account.\r\n\r\n\r\n",
      "category_id": "accountinfo",
      "category_name": "Account and identity",
      "category_sub_description": "Personal identifiers help us know it's really you before we disclose information or make changes to your account. We also use this to communicate with you about your account or to recommend new services, including targeted ad content.",
      "sub_categories": [
        {
          "data_element_info": [
            {
              "ccpa": "Yes",
              "role_access_indicator": "Line",
              "sensitivity_level": "Unknown",
              "tier": 1,
              "unique_element": "667",
              "user_friendly_name": "Name"
            },
            {
              "ccpa": "Yes",
              "role_access_indicator": "Line",
              "sensitivity_level": "Unknown",
              "tier": 1,
              "unique_element": "679",
              "user_friendly_name": "Email address"
            },
            {
              "ccpa": "Yes",
              "role_access_indicator": "Account",
              "sensitivity_level": "Unknown",
              "tier": 1,
              "unique_element": "673",
              "user_friendly_name": "Address"
            },
            {
              "ccpa": "Yes",
              "role_access_indicator": "Account",
              "sensitivity_level": "Unknown",
              "tier": 1,
              "unique_element": "675",
              "user_friendly_name": "Phone number"
            },
            {
              "ccpa": "Yes",
              "role_access_indicator": "Account",
              "sensitivity_level": "Highly Confidential",
              "tier": 2,
              "unique_element": "312",
              "user_friendly_name": "Birth date"
            },
            {
              "ccpa": "Yes",
              "role_access_indicator": "Account",
              "sensitivity_level": "Unknown",
              "tier": 1,
              "unique_element": "725",
              "user_friendly_name": "Employer Address"
            },
            {
              "ccpa": "Yes",
              "role_access_indicator": "Account",
              "sensitivity_level": "Unknown",
              "tier": 1,
              "unique_element": "727",
              "user_friendly_name": "Can be reached (CBR)"
            },
            {
              "ccpa": "Yes",
              "role_access_indicator": "Account",
              "sensitivity_level": "Unknown",
              "tier": 1,
              "unique_element": "719",
              "user_friendly_name": "Fraud Case"
            },
            {
              "ccpa": "Yes",
              "role_access_indicator": "Account",
              "sensitivity_level": "Unknown",
              "tier": 1,
              "unique_element": "713",
              "user_friendly_name": "Bankruptcy"
            },
            {
              "ccpa": "Yes",
              "role_access_indicator": "Account",
              "sensitivity_level": "Unknown",
              "tier": 1,
              "unique_element": "721",
              "user_friendly_name": "FIOS"
            }
          ],
          "sub_category_description": "Information we use to identify you.",
          "sub_category_id": "contactinfo",
          "sub_category_name": "Contact Information and Personal Identifiers",
          "sub_category_sub_description": "You can update your contact information in My Verizon."
        },
        {
          "data_element_info": [
            {
              "ccpa": "Yes",
              "role_access_indicator": "Account",
              "sensitivity_level": "Highly Confidential",
              "tier": 4,
              "unique_element": "299",
              "user_friendly_name": "Social security number"
            },
            {
              "ccpa": "Yes",
              "role_access_indicator": "Account",
              "sensitivity_level": "Highly Confidential",
              "tier": 4,
              "unique_element": "301",
              "user_friendly_name": "Driver license information"
            },
            {
              "ccpa": "Yes",
              "role_access_indicator": "Account",
              "sensitivity_level": "Highly Confidential",
              "tier": 4,
              "unique_element": "304",
              "user_friendly_name": "Military ID"
            }
          ],
          "sub_category_description": "Information we use to identify you and your account.",
          "sub_category_id": "GovtIdentifiers",
          "sub_category_name": "Government identifiers",
          "sub_category_sub_description": "These documents let us verify your identity when you make change to your account or sign up for special&nbsp;discounts."
        },
        {
          "data_element_info": [
            {
              "ccpa": "Yes",
              "role_access_indicator": "Account",
              "sensitivity_level": "Highly Confidential",
              "tier": 4,
              "unique_element": "294",
              "user_friendly_name": "Credit card"
            },
            {
              "ccpa": "Yes",
              "role_access_indicator": "Account",
              "sensitivity_level": "Highly Confidential",
              "tier": 4,
              "unique_element": "298",
              "user_friendly_name": "Bank account"
            },
            {
              "ccpa": "Yes",
              "role_access_indicator": "Line",
              "sensitivity_level": "Highly Confidential",
              "tier": 2,
              "unique_element": "324",
              "user_friendly_name": "Credit Score"
            }
          ],
          "sub_category_description": "Information about your payments and purchases.",
          "sub_category_id": "BillingAndFinancialInfo",
          "sub_category_name": "Billing and Financial Information"
        },
        {
          "data_element_info": [
            {
              "ccpa": "Yes",
              "role_access_indicator": "Line",
              "sensitivity_level": "Highly Confidential",
              "tier": 2,
              "unique_element": "332",
              "user_friendly_name": "Device identifier"
            },
            {
              "ccpa": "Yes",
              "role_access_indicator": "Line",
              "sensitivity_level": "Unknown",
              "tier": 1,
              "unique_element": "711",
              "user_friendly_name": "Social media information"
            },
            {
              "ccpa": "Yes",
              "role_access_indicator": "Account",
              "sensitivity_level": "Unknown",
              "tier": 1,
              "unique_element": "619",
              "user_friendly_name": "Dispatch Address"
            },
            {
              "ccpa": "Yes",
              "role_access_indicator": "Line",
              "sensitivity_level": "Highly Confidential",
              "tier": 2,
              "unique_element": "331",
              "user_friendly_name": "IP address records"
            },
            {
              "ccpa": "Yes",
              "role_access_indicator": "Account",
              "sensitivity_level": "Highly Confidential",
              "tier": 1,
              "unique_element": "334",
              "user_friendly_name": "Additional Device Info"
            },
            {
              "ccpa": "Yes",
              "role_access_indicator": "Account",
              "sensitivity_level": "Highly Confidential",
              "tier": 2,
              "unique_element": "320",
              "user_friendly_name": "Plan Details"
            }
          ],
          "sub_category_description": "Information that identifies you or your devices.",
          "sub_category_id": "AccountIdentity",
          "sub_category_name": "Technical identifiers"
        }
      ]
    },
    {
      "category_description": "Information you generated when you use our products and services.",
      "category_id": "networkactivity",
      "category_name": "Network Activity",
      "sub_categories": [
        {
          "data_element_info": [
            {
              "ccpa": "Yes",
              "role_access_indicator": "Account",
              "sensitivity_level": "Highly Confidential",
              "tier": 1,
              "unique_element": "315",
              "user_friendly_name": "Call records"
            }
          ],
          "sub_category_description": "A history of the calls and texts that you send.",
          "sub_category_id": "CallRecords",
          "sub_category_name": "Call records",
          "sub_category_sub_description": "<p>This information is kept only as long as needed to provide service or comply with government regulation. Read about our retention and data deletion practices in <a class=\"vpd_aem_react_link\" href=\"/privacy/secure/request-history.\">the FAQs.</a></p><p>You can access detailed account activity including usage and call history in <a class=\"vpd_aem_react_link\" href=\"/privacy/secure/request-history.\">Acount Settings.</a></p>"
        },
        {
          "data_element_info": [
            {
              "ccpa": "Yes",
              "role_access_indicator": "Line",
              "sensitivity_level": "Highly Confidential",
              "tier": 3,
              "unique_element": "323",
              "user_friendly_name": "Network location"
            }
          ],
          "sub_category_description": " Information about your location",
          "sub_category_id": "Geolocation",
          "sub_category_name": "Geolocation",
          "sub_category_sub_description": "<p>Your location history allows us to personalize support, like asking additional security questions when we notice an attempt to access your account from an unusual location.</p><p>We collect general location information about the network, like the location of the cell towers that routed a call or text message.&nbsp;<br></p><p>We may collect more precise location information from your device when you use certain apps, subscribe to additional services, or participate in location-based marketing programs.<br></p><p>&nbsp;</p><p>Learn more about how we use location information to provide services and enhance experiences in our Privacy Policy.</p>"
        },
        {
          "data_element_info": [
            {
              "ccpa": "Yes",
              "role_access_indicator": "Line",
              "sensitivity_level": "Highly Confidential",
              "tier": 3,
              "unique_element": "330",
              "user_friendly_name": "Internet browsing history"
            }
          ],
          "sub_category_description": "Information about the websites you visit.",
          "sub_category_id": "Internetbrowsinghistory",
          "sub_category_name": "Internet browsing history",
          "sub_category_sub_description": "Internet browsing history is collected to provide you with insights about your monthly data utilization on your wireless plan. For more information about your data utilization, go here."
        },
        {
          "data_element_info": [
            {
              "ccpa": "Yes",
              "role_access_indicator": "Line",
              "sensitivity_level": "Unknown",
              "tier": 2,
              "unique_element": "629",
              "user_friendly_name": "IP address records"
            },
            {
              "ccpa": "Yes",
              "role_access_indicator": "Account",
              "sensitivity_level": "Highly Confidential",
              "tier": 2,
              "unique_element": "321",
              "user_friendly_name": "Non-CPNI"
            }
          ],
          "sub_category_description": "Records of your account communication.",
          "sub_category_id": "OtherActivity",
          "sub_category_name": "Other activity"
        }
      ]
    },
    {
      "category_description": "Inferences and assumptions that we use to personalize our services and offers.",
      "category_id": "collectedinferences",
      "category_name": "Collected inferences",
      "sub_categories": [
        {
          "data_element_info": [
            {
              "ccpa": "Yes",
              "role_access_indicator": "Line",
              "sensitivity_level": "Unknown",
              "tier": 2,
              "unique_element": "697",
              "user_friendly_name": "Ethnicity"
            },
            {
              "ccpa": "Yes",
              "role_access_indicator": "Line",
              "sensitivity_level": "Unknown",
              "tier": 3,
              "unique_element": "687",
              "user_friendly_name": "Lifestyle"
            },
            {
              "ccpa": "Yes",
              "role_access_indicator": "Line",
              "sensitivity_level": "Unknown",
              "tier": 2,
              "unique_element": "685",
              "user_friendly_name": "Religious beliefs"
            },
            {
              "ccpa": "Yes",
              "role_access_indicator": "Line",
              "sensitivity_level": "Unknown",
              "tier": 2,
              "unique_element": "683",
              "user_friendly_name": "Polititcal opinions"
            },
            {
              "ccpa": "Yes",
              "role_access_indicator": "Account",
              "sensitivity_level": "Unknown",
              "tier": 1,
              "unique_element": "707",
              "user_friendly_name": "Demographics"
            },
            {
              "ccpa": "Yes",
              "role_access_indicator": "Account",
              "sensitivity_level": "Unknown",
              "tier": 1,
              "unique_element": "709",
              "user_friendly_name": "Market Segment"
            },
            {
              "ccpa": "Yes",
              "role_access_indicator": "Account",
              "sensitivity_level": "Unknown",
              "tier": 1,
              "unique_element": "773",
              "user_friendly_name": "Income Level"
            },
            {
              "ccpa": "Yes",
              "role_access_indicator": "Account",
              "sensitivity_level": "Unknown",
              "tier": 1,
              "unique_element": "775",
              "user_friendly_name": "Age Bracket"
            },
            {
              "ccpa": "Yes",
              "role_access_indicator": "Account",
              "sensitivity_level": "Unknown",
              "tier": 4,
              "unique_element": "777",
              "user_friendly_name": "Home Value"
            },
            {
              "ccpa": "Yes",
              "role_access_indicator": "Account",
              "sensitivity_level": "Unknown",
              "tier": 1,
              "unique_element": "779",
              "user_friendly_name": "Length of Residence"
            }
          ],
          "sub_category_description": "Information and assumptions about your preferences and opinions.",
          "sub_category_id": "GeneralInferences",
          "sub_category_name": "General inferences",
          "sub_category_sub_description": "We rely on general assumptions and inferences to deliver more relatable and relevant content across our platforms. This may include information like Attributes, Preferences, or Opinions."
        },
        {
          "data_element_info": [
            {
              "ccpa": "Yes",
              "role_access_indicator": "Account",
              "sensitivity_level": "Unknown",
              "tier": 1,
              "unique_element": "709",
              "user_friendly_name": "Inferences from advertising partners"
            }
          ],
          "sub_category_description": "Information we purchase from trusted third parties.",
          "sub_category_id": "ExternalInferences",
          "sub_category_name": "External inferences",
          "sub_category_sub_description": "We rely on general assumptions and inferences to deliver more relatable and relevant content across our platforms. This may include information like Attributes, Preferences, or Opinions."
        }
      ]
    },
    {
      "category_description": "Information for additional products and features included in your account.",
      "category_id": "addons",
      "category_name": "Add-ons",
      "sub_categories": [
        {
          "data_element_info": [],
          "sub_category_description": "Total Mobile Protection insures and protects your individual line or your entire account.",
          "sub_category_id": "total_mobile_protection",
          "sub_category_name": "Total Mobile Protection",
          "sub_category_sub_description": "Information associated with this product will be displayed in a download file."
        },
        {
          "data_element_info": [],
          "sub_category_description": "Verizon Cloud offers secure online storage to access and manage content on all your devices.",
          "sub_category_id": "verizoncloud",
          "sub_category_name": "Verizon Cloud",
          "sub_category_sub_description": "Information associated with this product will be displayed in a download file."
        },
        {
          "data_element_info": [],
          "sub_category_description": "Call Filter helps screen incoming calls, auto-block spam and report any unwanted numbers.",
          "sub_category_id": "callfilter",
          "sub_category_name": "Call Filter",
          "sub_category_sub_description": "Information associated with this product will be displayed in a download file."
        },
        {
          "data_element_info": [],
          "sub_category_description": "NumberShare is a service that lets you use your mobile number on up to 5 connected devices.",
          "sub_category_id": "numbershare",
          "sub_category_name": "NumberShare",
          "sub_category_sub_description": "Information associated with this product will be displayed in a download file."
        },
        {
          "data_element_info": [],
          "sub_category_description": "Hum makes your car smarter, safer, and more connected by monitoring your vehicle's health and sending you alerts.",
          "sub_category_id": "hum",
          "sub_category_name": "HUM",
          "sub_category_sub_description": "Information associated with this product will be displayed in a download file."
        },
        {
          "data_element_info": [],
          "sub_category_description": "Verizon Smart Family is a service that gives you parental controls to help manage your kids' smartphone use.",
          "sub_category_id": "SmartFamily",
          "sub_category_name": "Smart Family",
          "sub_category_sub_description": "Information associated with this product will be displayed in a download file."
        },
        {
          "data_element_info": [],
          "sub_category_description": "",
          "sub_category_id": "gizmo",
          "sub_category_name": "Gizmo",
          "sub_category_sub_description": "Information associated with this product will be available on your product's portal."
        },
        {
          "data_element_info": [],
          "sub_category_description": "",
          "sub_category_id": "KidsPlan",
          "sub_category_name": "Kids Plan"
        },
        {
          "data_element_info": [],
          "sub_category_description": "Wild & Seek is an augmented reality app that lets you explore wild animals in their natural habitats.",
          "sub_category_id": "wild_seek",
          "sub_category_name": "Wild & Seek",
          "sub_category_sub_description": "Information associated with this product will be displayed in a download file."
        },
        {
          "data_element_info": [],
          "sub_category_description": "Message+ lets you sync your text messages across all your compatible devices.",
          "sub_category_id": "message+",
          "sub_category_name": "Message+",
          "sub_category_sub_description": "Information associated with this product will be displayed in a download file."
        },
        {
          "data_element_info": [],
          "sub_category_description": "",
          "sub_category_id": "project_issac",
          "sub_category_name": "Project Issac",
          "sub_category_sub_description": "Information associated with this product will be displayed in a download file."
        },
        {
          "data_element_info": [],
          "sub_category_description": "Digital Secure is an all-in-one suite of privacy and security tools for your mobile devices and home computers.",
          "sub_category_id": "digital_secure",
          "sub_category_name": "Digital Secure",
          "sub_category_sub_description": "Information associated with this product will be displayed in a download file."
        },
        {
          "data_element_info": [],
          "sub_category_description": "Safe Wi-Fi safeguards your connection on network-enabled devices using a VPN (Virtual Private Network).",
          "sub_category_id": "safe_Wi-Fi",
          "sub_category_name": "Safe Wi-Fi",
          "sub_category_sub_description": "Information associated with this product will be displayed in a download file."
        },
        {
          "data_element_info": [],
          "sub_category_description": "Verizon Security & Privacy (S&P) protects you and your device from malware, spyware, viruses and other security threats to your privacy.",
          "sub_category_id": "securityandprivacy",
          "sub_category_name": "Security and Privacy",
          "sub_category_sub_description": "Information associated with this product will be displayed in a download file."
        },
        {
          "data_element_info": [],
          "sub_category_description": "",
          "sub_category_id": "homesafety",
          "sub_category_name": "Home Safety",
          "sub_category_sub_description": "Information associated with this product will be displayed in a download file."
        },
        {
          "data_element_info": [],
          "sub_category_description": "Verizon Protect offers device protection, security and technical support for your digital lifestyle.",
          "sub_category_id": "VZ Protect-Mobility",
          "sub_category_name": "VZ Protect - Mobility",
          "sub_category_sub_description": "Information associated with this product will be displayed in a download file."
        },
        {
          "data_element_info": [],
          "sub_category_description": "",
          "sub_category_id": "Network Extenders for Consumer - sFemto v2",
          "sub_category_name": "Network Extenders for Consumer - sFemto v2"
        },
        {
          "data_element_info": [],
          "sub_category_description": "",
          "sub_category_id": "Dynamic Preload Platform",
          "sub_category_name": "Dynamic Preload Platform"
        },
        {
          "data_element_info": [],
          "sub_category_description": "",
          "sub_category_id": "Direct Carrier Billing (DCB)",
          "sub_category_name": "Direct Carrier Billing (DCB)"
        },
        {
          "data_element_info": [],
          "sub_category_description": "",
          "sub_category_id": "Cross Carrier ID (CCID) (aka MID)",
          "sub_category_name": "Cross Carrier ID (CCID) (aka MID)"
        },
        {
          "data_element_info": [],
          "sub_category_description": "",
          "sub_category_id": "Short Code Messaging",
          "sub_category_name": "Short Code Messaging"
        },
        {
          "data_element_info": [],
          "sub_category_description": "",
          "sub_category_id": "RCS",
          "sub_category_name": "RCS"
        },
        {
          "data_element_info": [],
          "sub_category_description": "",
          "sub_category_id": "MAAP (aka RCS/MaaP (Messaging))",
          "sub_category_name": "MAAP (aka RCS/MaaP (Messaging))"
        },
        {
          "data_element_info": [],
          "sub_category_description": "",
          "sub_category_id": "Voicemail",
          "sub_category_name": "Voicemail"
        },
        {
          "data_element_info": [],
          "sub_category_description": "",
          "sub_category_id": "Visual Voicemail",
          "sub_category_name": "Visual Voicemail"
        },
        {
          "data_element_info": [],
          "sub_category_description": "",
          "sub_category_id": "Premium Visual Voicemail",
          "sub_category_name": "Premium Visual Voicemail"
        },
        {
          "data_element_info": [],
          "sub_category_description": "",
          "sub_category_id": "Extended Mailbox",
          "sub_category_name": "Extended Mailbox"
        },
        {
          "data_element_info": [],
          "sub_category_description": "",
          "sub_category_id": "Voicemails delivered to messaging app",
          "sub_category_name": "Voicemails delivered to messaging app"
        },
        {
          "data_element_info": [],
          "sub_category_description": "",
          "sub_category_id": "Message Forwarding",
          "sub_category_name": "Message Forwarding"
        },
        {
          "data_element_info": [],
          "sub_category_description": "",
          "sub_category_id": "Reply by recorded message",
          "sub_category_name": "Reply by recorded message"
        },
        {
          "data_element_info": [],
          "sub_category_description": "",
          "sub_category_id": "Group Distribution Lists",
          "sub_category_name": "Group Distribution Lists"
        },
        {
          "data_element_info": [],
          "sub_category_description": "",
          "sub_category_id": "Voicemail to Text (iphone)",
          "sub_category_name": "Voicemail to Text (iphone)"
        },
        {
          "data_element_info": [],
          "sub_category_description": "",
          "sub_category_id": "Nico",
          "sub_category_name": "Nico"
        },
        {
          "data_element_info": [],
          "sub_category_description": "",
          "sub_category_id": "CDI",
          "sub_category_name": "CDI"
        },
        {
          "data_element_info": [],
          "sub_category_description": "",
          "sub_category_id": "VCVS",
          "sub_category_name": "VCVS"
        },
        {
          "data_element_info": [],
          "sub_category_description": "",
          "sub_category_id": "Verizon Smart Locator",
          "sub_category_name": "Verizon Smart Locator",
          "sub_category_sub_description": "Information associated with this product will be available on your product's portal."
        },
        {
          "data_element_info": [],
          "sub_category_description": "",
          "sub_category_id": "Aging with Independence",
          "sub_category_name": "Aging with Independence"
        },
        {
          "data_element_info": [],
          "sub_category_description": "My Numbers is an app-based service that allows you to subscribe to up to 4 virtual phone numbers on your existing smartphone.",
          "sub_category_id": "My Numbers (aka Multi-Line Application)",
          "sub_category_name": "My Numbers (aka Multi-Line Application)",
          "sub_category_sub_description": "Information associated with this product will be displayed in a download file."
        },
        {
          "data_element_info": [],
          "sub_category_description": "Verizon Selects helps make Verizon and third-party marketing you see more personalized and useful to you across the devices and services you use.",
          "sub_category_id": "VZ Selects",
          "sub_category_name": "VZ Selects",
          "sub_category_sub_description": "Information associated with this product will be displayed in a download file."
        },
        {
          "data_element_info": [],
          "sub_category_description": "VZ Navigator is a GPS navigation app featuring voice-guided directions, 3D maps, traffic-aware routing and spoken incident alerts.",
          "sub_category_id": "VZ Navigator",
          "sub_category_name": "VZ Navigator",
          "sub_category_sub_description": "Information associated with this product will be displayed in a download file."
        },
        {
          "data_element_info": [],
          "sub_category_description": "",
          "sub_category_id": "411",
          "sub_category_name": "411"
        },
        {
          "data_element_info": [],
          "sub_category_description": "Family Locator allows you and your family to locate each other's phones from a computer or device.",
          "sub_category_id": "Family Locator",
          "sub_category_name": "Family Locator",
          "sub_category_sub_description": "Family Locator has been discontinued. Any information stored for this product will be until the date this feature was removed from your account. Information associated with this product will be displayed in a download file."
        },
        {
          "data_element_info": [],
          "sub_category_description": "Usage Controls allows you to set limits for data, voice, messaging and more for your family.",
          "sub_category_id": "Usage Controls",
          "sub_category_name": "Usage Controls",
          "sub_category_sub_description": "Information associated with this product will be displayed in a download file."
        },
        {
          "data_element_info": [],
          "sub_category_description": "The Integrated Calling feature on Verizon Messages (Message+) lets you make and receive video and/or voice calls using your HD Voice-enabled phone number.",
          "sub_category_id": "Integrated Calling (aka internally VICE)",
          "sub_category_name": "Integrated Calling (aka internally VICE)",
          "sub_category_sub_description": "Information associated with this product will be displayed in a download file."
        },
        {
          "data_element_info": [],
          "sub_category_description": "",
          "sub_category_id": "Bullseye",
          "sub_category_name": "Bullseye"
        },
        {
          "data_element_info": [],
          "sub_category_description": "FreeBee and FreeBee Perks allows you to receive mobile data directly to your account after completing an action or redeeming loyalty points with select partners.",
          "sub_category_id": "FreeBee and FreeBee Perks",
          "sub_category_name": "FreeBee and FreeBee Perks",
          "sub_category_sub_description": "Information associated with this product will be displayed in a download file."
        },
        {
          "data_element_info": [],
          "sub_category_description": "AppFlash is a content discovery service which gives you app, movie, music, and restaurant recommendations.",
          "sub_category_id": "AppFlash",
          "sub_category_name": "AppFlash",
          "sub_category_sub_description": "Information associated with this product will be displayed in a download file."
        },
        {
          "data_element_info": [],
          "sub_category_description": "Ringback Tones lets you personalize specific song clips for your family and friends to hear when they call you.",
          "sub_category_id": "VZ Tones (RBT)",
          "sub_category_name": "VZ Tones (RBT)",
          "sub_category_sub_description": "Information associated with this product will be displayed in a download file."
        },
        {
          "data_element_info": [],
          "sub_category_description": "",
          "sub_category_id": "IDV",
          "sub_category_name": "IDV"
        },
        {
          "data_element_info": [],
          "sub_category_description": "",
          "sub_category_id": "Brew",
          "sub_category_name": "Brew"
        },
        {
          "data_element_info": [],
          "sub_category_description": "Slacker Radio is an internet radio service with an extensive catalogue of music and ringtones.",
          "sub_category_id": "Slacker Radio",
          "sub_category_name": "Slacker Radio",
          "sub_category_sub_description": "Information associated with this product will be displayed in a download file."
        },
        {
          "data_element_info": [],
          "sub_category_description": "",
          "sub_category_id": "Sponsored Data",
          "sub_category_name": "Sponsored Data"
        },
        {
          "data_element_info": [],
          "sub_category_description": "Smart Home Support provides protection and technical support for eligible products in your home.",
          "sub_category_id": "Smart Home Support",
          "sub_category_name": "Smart Home Support",
          "sub_category_sub_description": "Information associated with this product will be displayed in a download file."
        }
      ]
    },
    {
      "category_description": "We don't have information about you for this category.",
      "category_id": "nodata",
      "category_name": "No data found for this category"
    }
  ]
}