{
  "Version": "06/06/2019",
  "AppCount": 17,
  "Applications": [
    {
      "ApplicationID": 200744,
      "ApplicationName": "Lead to Succeed",
      "Acronym": "LTS/ARZ",
      "ApplID": "GHJV",
      "Products": "",
      "ServiceCount": 2,
      "Services": [
        {
          "Name": "Wireless Post-pay",
          "PreviewURL": "https://wwwpprd.referverizon.com/ccpapax/retrieve.do",
          "DownloadURL": "https://wwwpprd.referverizon.com/ccpapax/download.do",
          "DeleteURL": "https://wwwpprd.referverizon.com/ccpapax/delete.do",
          "NonProdPreviewURL": "",
          "NonProdDownloadURL": "",
          "NonProdDeleteURL": "",
          "AccountIdentifiers": "",
          "Elements": []
        },
        {
          "Name": "Wireline",
          "PreviewURL": "https://wwwpprd.referverizon.com/ccpapax/retrieve.do",
          "DownloadURL": "https://wwwpprd.referverizon.com/ccpapax/download.do",
          "DeleteURL": "https://wwwpprd.referverizon.com/ccpapax/delete.do",
          "NonProdPreviewURL": "",
          "NonProdDownloadURL": "",
          "NonProdDeleteURL": "",
          "AccountIdentifiers": "",
          "ElementCount": 1,
          "Elements": [
            {
              "ID": 333,
              "Name": "Mapping of account number to customer",
              "Previewable": "Yes",
              "Downloadable": "Yes",
              "Deletable": "Yes"
            }
          ]
        }
      ]
    },
    {
      "ApplicationID": 20998,
      "ApplicationName": "Virtual Information System Integrated Online Network",
      "Acronym": "VISION VZW",
      "ApplID": "B69V",
      "Products": "",
      "ServiceCount": 1,
      "Services": [
        {
          "Name": " Wireless Post-pay",
          "PreviewURL": "http://dvstest3north-p1.ebiz.verizon.com:8095/ccpaservice/retrievePreviewInfo",
          "DownloadURL": "http://dvstest3north-p1.ebiz.verizon.com:8095/ccpaservice/downloadCcpaInfo",
          "DeleteURL": "",
          "NonProdPreviewURL": "",
          "NonProdDownloadURL": "",
          "NonProdDeleteURL": "",
          "AccountIdentifiers": "",
          "ElementCount": 47,
          "Elements": [
            {
              "ID": 294,
              "Name": "Credit Card PAN",
              "Previewable": "Yes",
              "Downloadable": "Yes",
              "Deletable": "No"
            },
            {
              "ID": 298,
              "Name": "Bank Account information, at least routing number and account number",
              "Previewable": "Yes",
              "Downloadable": "Yes",
              "Deletable": "No"
            },
            {
              "ID": 299,
              "Name": "Social Security Numbers (full) identifiable to a person",
              "Previewable": "Yes",
              "Downloadable": "Yes",
              "Deletable": "No"
            },
            {
              "ID": 300,
              "Name": "Social Security Numbers (last 4) identifiable to a person",
              "Previewable": "Yes",
              "Downloadable": "Yes",
              "Deletable": "No"
            },
            {
              "ID": 301,
              "Name": "Driver's license number or State Non-driver ID Card number indentifiable to a person",
              "Previewable": "Yes",
              "Downloadable": "Yes",
              "Deletable": "No"
            },
            {
              "ID": 303,
              "Name": "Taxpayer ID (other than SSN) indentifiable to a person or entity",
              "Previewable": "Yes",
              "Downloadable": "Yes",
              "Deletable": "No"
            },
            {
              "ID": 308,
              "Name": "Federal tax ID (Social Security Number in many cases) identifable to a person",
              "Previewable": "Yes",
              "Downloadable": "Yes",
              "Deletable": "No"
            },
            {
              "ID": 312,
              "Name": "Birth date indentifiable to a person",
              "Previewable": "Yes",
              "Downloadable": "Yes",
              "Deletable": "No"
            },
            {
              "ID": 313,
              "Name": "Passwords, pins and other similar authentication credentials, CHALLENGE RESPONSE (including biometric)",
              "Previewable": "Yes",
              "Downloadable": "Yes",
              "Deletable": "No"
            },
            {
              "ID": 315,
              "Name": "CPNI - \"Call Detail\"",
              "Previewable": "Yes",
              "Downloadable": "Yes",
              "Deletable": "No"
            },
            {
              "ID": 316,
              "Name": "CPNI non-\"Call Detail\" (greater than 100K records or 10MB of data)",
              "Previewable": "Yes",
              "Downloadable": "Yes",
              "Deletable": "No"
            },
            {
              "ID": 320,
              "Name": "Customer Communications (non-CPNI) Subscriptions",
              "Previewable": "No",
              "Downloadable": "Yes",
              "Deletable": "No"
            },
            {
              "ID": 321,
              "Name": "Customer Communications Detail (non-CPNI)",
              "Previewable": "Yes",
              "Downloadable": "Yes",
              "Deletable": "No"
            },
            {
              "ID": 323,
              "Name": "Customer Location information (other than in real time transit)",
              "Previewable": "Yes",
              "Downloadable": "Yes",
              "Deletable": "No"
            },
            {
              "ID": 324,
              "Name": "Customer or potential customer credit scores or credit status, whether derived internally or from external sources",
              "Previewable": "Yes",
              "Downloadable": "Yes",
              "Deletable": "No"
            },
            {
              "ID": 326,
              "Name": "Designation of a service as subject to Telecommunication Service Priority, GETS or Wireless Priority Serivce",
              "Previewable": "Yes",
              "Downloadable": "Yes",
              "Deletable": "No"
            },
            {
              "ID": 331,
              "Name": "IP Address-to-Customer mapping",
              "Previewable": "Yes",
              "Downloadable": "Yes",
              "Deletable": "No"
            },
            {
              "ID": 332,
              "Name": "Mapping of a customer to an ESN, MEID, or other similar serial number",
              "Previewable": "Yes",
              "Downloadable": "Yes",
              "Deletable": "No"
            },
            {
              "ID": 333,
              "Name": "Mapping of account number to customer",
              "Previewable": "Yes",
              "Downloadable": "Yes",
              "Deletable": "No"
            },
            {
              "ID": 334,
              "Name": "Mapping of customer to an STB ID, MAC Address, or account number",
              "Previewable": "Yes",
              "Downloadable": "Yes",
              "Deletable": "No"
            },
            {
              "ID": 337,
              "Name": "TN, Address, Customer Name if known to be offered by VZ as Unpublished/Unlisted",
              "Previewable": "Yes",
              "Downloadable": "Yes",
              "Deletable": "No"
            },
            {
              "ID": 339,
              "Name": "Non-public information identifiable to a Verizon customer",
              "Previewable": "Yes",
              "Downloadable": "Yes",
              "Deletable": "No"
            },
            {
              "ID": 340,
              "Name": "Non-public information identifiable to a Verizon employee",
              "Previewable": "Yes",
              "Downloadable": "Yes",
              "Deletable": "No"
            },
            {
              "ID": 350,
              "Name": "Marketing plans",
              "Previewable": "Yes",
              "Downloadable": "Yes",
              "Deletable": "No"
            },
            {
              "ID": 351,
              "Name": "Other information that Verizon is required to protect, by law, contract (vendor, customer or other agreement) or Verizon policy, against disclosure",
              "Previewable": "Yes",
              "Downloadable": "Yes",
              "Deletable": "No"
            },
            {
              "ID": 470,
              "Name": "Customer Credit Card PANs (Account Numbers)",
              "Previewable": "Yes",
              "Downloadable": "Yes",
              "Deletable": "No"
            },
            {
              "ID": 472,
              "Name": "Employee Credit Card PANs (Account Numbers)",
              "Previewable": "Yes",
              "Downloadable": "Yes",
              "Deletable": "No"
            },
            {
              "ID": 488,
              "Name": "WPS Codes",
              "Previewable": "Yes",
              "Downloadable": "Yes",
              "Deletable": "No"
            },
            {
              "ID": 489,
              "Name": "Merchant Gift Card Numbers and Pins",
              "Previewable": "Yes",
              "Downloadable": "Yes",
              "Deletable": "No"
            },
            {
              "ID": 667,
              "Name": "Customer Name (if listed)",
              "Previewable": "Yes",
              "Downloadable": "Yes",
              "Deletable": "No"
            },
            {
              "ID": 671,
              "Name": "Tax Record ID",
              "Previewable": "Yes",
              "Downloadable": "Yes",
              "Deletable": "No"
            },
            {
              "ID": 673,
              "Name": "Customer Address (if listed)",
              "Previewable": "Yes",
              "Downloadable": "Yes",
              "Deletable": "No"
            },
            {
              "ID": 675,
              "Name": "Customer Phone Number (if listed)",
              "Previewable": "Yes",
              "Downloadable": "Yes",
              "Deletable": "No"
            },
            {
              "ID": 679,
              "Name": "Email Address (business or personal)",
              "Previewable": "Yes",
              "Downloadable": "Yes",
              "Deletable": "No"
            },
            {
              "ID": 691,
              "Name": "Remarks",
              "Previewable": "Yes",
              "Downloadable": "Yes",
              "Deletable": "No"
            },
            {
              "ID": 711,
              "Name": "Social Media Capture",
              "Previewable": "Yes",
              "Downloadable": "Yes",
              "Deletable": "No"
            },
            {
              "ID": 713,
              "Name": "Bankruptcy",
              "Previewable": "Yes",
              "Downloadable": "Yes",
              "Deletable": "No"
            },
            {
              "ID": 715,
              "Name": "Campaigns",
              "Previewable": "Yes",
              "Downloadable": "Yes",
              "Deletable": "No"
            },
            {
              "ID": 719,
              "Name": "Fraud Case",
              "Previewable": "Yes",
              "Downloadable": "Yes",
              "Deletable": "No"
            },
            {
              "ID": 727,
              "Name": "Can Be Reached CBR",
              "Previewable": "No",
              "Downloadable": "Yes",
              "Deletable": "No"
            },
            {
              "ID": 725,
              "Name": "Employer Address",
              "Previewable": "No",
              "Downloadable": "Yes",
              "Deletable": "No"
            },
            {
              "ID": 474,
              "Name": "Customer Credit Card (or Debit Card) CV2/Validation Codes",
              "Previewable": "Yes",
              "Downloadable": "Yes",
              "Deletable": "No"
            },
            {
              "ID": 476,
              "Name": "Employee Credit Card (or Debit Card) CV2/Validation Codes",
              "Previewable": "Yes",
              "Downloadable": "Yes",
              "Deletable": "No"
            },
            {
              "ID": 717,
              "Name": "eConsent / Terms and conditions",
              "Previewable": "Yes",
              "Downloadable": "Yes",
              "Deletable": "No"
            },
            {
              "ID": 721,
              "Name": "FIOS - Wireless Customer Association",
              "Previewable": "Yes",
              "Downloadable": "Yes",
              "Deletable": "No"
            },
            {
              "ID": 723,
              "Name": "Customer Risk Profile",
              "Previewable": "Yes",
              "Downloadable": "Yes",
              "Deletable": "No"
            },
            {
              "ID": 619,
              "Name": "Dispatch Address",
              "Previewable": "No",
              "Downloadable": "Yes",
              "Deletable": "No"
            }
          ]
        }
      ]
    },
    {
      "ApplicationID": 21004,
      "ApplicationName": "Distributed Verizon Services",
      "Acronym": "DVS1",
      "ApplID": "B6VV",
      "Products": "",
      "ServiceCount": 1,
      "Services": []
    },
    {
      "ApplicationID": 25571,
      "ApplicationName": "VNS Monitor Only ",
      "Acronym": "Monitor",
      "ApplID": "H29V",
      "Products": "",
      "ServiceCount": 1,
      "Services": [
        {
          "Name": "Wireline",
          "PreviewURL": "https://enterprise.verizon.com/service_guide/reg/cp_vns_plus_virtual_network_services_sla.pdf",
          "DownloadURL": "",
          "DeleteURL": "",
          "NonProdPreviewURL": "",
          "NonProdDownloadURL": "",
          "NonProdDeleteURL": "",
          "AccountIdentifiers": "",
          "Elements": []
        }
      ]
    },
    {
      "ApplicationID": 24312,
      "ApplicationName": "VISP Element Management System",
      "Acronym": "VEMS",
      "ApplID": "VE2V",
      "Products": "",
      "ServiceCount": 1,
      "Services": [
        {
          "Name": " Wireless Post-pay",
          "PreviewURL": "vems.verizon.com",
          "DownloadURL": "",
          "DeleteURL": "",
          "NonProdPreviewURL": "",
          "NonProdDownloadURL": "",
          "NonProdDeleteURL": "",
          "AccountIdentifiers": "",
          "Elements": []
        }
      ]
    },
    {
      "ApplicationID": 24710,
      "ApplicationName": "VCP Maintenance and Operations Support System",
      "Acronym": "MOSS",
      "ApplID": "CV7V",
      "Products": "",
      "ServiceCount": 1,
      "Services": [
        {
          "Name": "Wireline",
          "PreviewURL": "https://moss.verizoncloudplatform.com/",
          "DownloadURL": "",
          "DeleteURL": "",
          "NonProdPreviewURL": "",
          "NonProdDownloadURL": "",
          "NonProdDeleteURL": "",
          "AccountIdentifiers": "",
          "Elements": []
        }
      ]
    },
    {
      "ApplicationID": 21886,
      "ApplicationName": "Enterprise Prepaid Services",
      "Acronym": "EPPS",
      "ApplID": "EJAV",
      "Products": "",
      "ServiceCount": 1,
      "Services": [
        {
          "Name": " Wireless Pre-pay",
          "PreviewURL": "https://eps-kube-test1.ebiz.verizon.com/ccpa/DataPrivacyServices/retrieve/21886/",
          "DownloadURL": "https://eps-kube-test1.ebiz.verizon.com/ccpa/DataPrivacyServices/download/21886/",
          "DeleteURL": "test.url",
          "NonProdPreviewURL": "https://eps-kube-test1.ebiz.verizon.com/ccpa/DataPrivacyServices/retrieve/21886/",
          "NonProdDownloadURL": "https://eps-kube-test1.ebiz.verizon.com/ccpa/DataPrivacyServices/download/21886/",
          "NonProdDeleteURL": "",
          "AccountIdentifiers": "accountID,mtn,mtnEffectiveDate",
          "ElementCount": 10,
          "Elements": [
            {
              "ID": 320,
              "Name": "Customer Communications (non-CPNI) Subscriptions",
              "Previewable": "No",
              "Downloadable": "Yes",
              "Deletable": "No"
            },
            {
              "ID": 332,
              "Name": "Mapping of a customer to an ESN, MEID, or other similar serial number",
              "Previewable": "Yes",
              "Downloadable": "Yes",
              "Deletable": "No"
            },
            {
              "ID": 333,
              "Name": "Mapping of account number to customer",
              "Previewable": "Yes",
              "Downloadable": "Yes",
              "Deletable": "No"
            },
            {
              "ID": 667,
              "Name": "Customer Name (if listed)",
              "Previewable": "Yes",
              "Downloadable": "Yes",
              "Deletable": "No"
            },
            {
              "ID": 673,
              "Name": "Customer Address (if listed)",
              "Previewable": "Yes",
              "Downloadable": "Yes",
              "Deletable": "No"
            },
            {
              "ID": 675,
              "Name": "Customer Phone Number (if listed)",
              "Previewable": "Yes",
              "Downloadable": "Yes",
              "Deletable": "No"
            },
            {
              "ID": 679,
              "Name": "Email Address (business or personal)",
              "Previewable": "Yes",
              "Downloadable": "Yes",
              "Deletable": "No"
            },
            {
              "ID": 691,
              "Name": "Remarks",
              "Previewable": "No",
              "Downloadable": "Yes",
              "Deletable": "No"
            },
            {
              "ID": 313,
              "Name": "Passwords, pins and other similar authentication credentials, CHALLENGE RESPONSE (including biometric)",
              "Previewable": "No",
              "Downloadable": "Yes",
              "Deletable": "No"
            },
            {
              "ID": 294,
              "Name": "Credit Card PAN",
              "Previewable": "Yes",
              "Downloadable": "Yes",
              "Deletable": "No"
            }
          ]
        }
      ]
    },
    {
      "ApplicationID": 23336,
      "ApplicationName": "Firewall Tools",
      "Acronym": "Tufin",
      "ApplID": "F2FV",
      "Products": "",
      "ServiceCount": 1,
      "Services": [
        {
          "Name": "Wireline",
          "PreviewURL": "",
          "DownloadURL": "multiple firewall managers and loggers",
          "DeleteURL": "",
          "NonProdPreviewURL": "",
          "NonProdDownloadURL": "",
          "NonProdDeleteURL": "",
          "AccountIdentifiers": "",
          "Elements": []
        }
      ]
    },
    {
      "ApplicationID": 22479,
      "ApplicationName": "Firewall",
      "Acronym": "FIREWALL - VZT",
      "ApplID": "FRWB",
      "Products": "",
      "ServiceCount": 1,
      "Services": [
        {
          "Name": "Wireline",
          "PreviewURL": "http://secureauth.verizon.com",
          "DownloadURL": "",
          "DeleteURL": "",
          "NonProdPreviewURL": "",
          "NonProdDownloadURL": "",
          "NonProdDeleteURL": "",
          "AccountIdentifiers": "",
          "Elements": []
        }
      ]
    },
    {
      "ApplicationID": 25300,
      "ApplicationName": "Dynamic Preload Platform",
      "Acronym": "DPP",
      "ApplID": "GT7V",
      "Products": "",
      "ServiceCount": 1,
      "Services": [
        {
          "Name": " Wireless Post-pay",
          "PreviewURL": "verizon.com",
          "DownloadURL": "",
          "DeleteURL": "",
          "NonProdPreviewURL": "",
          "NonProdDownloadURL": "",
          "NonProdDeleteURL": "",
          "AccountIdentifiers": "",
          "Elements": []
        }
      ]
    },
    {
      "ApplicationID": 21680,
      "ApplicationName": "One Message",
      "Acronym": "One Msg",
      "ApplID": "CHHV",
      "Products": "",
      "ServiceCount": 1,
      "Services": [
        {
          "Name": " Wireless Post-pay",
          "PreviewURL": "",
          "DownloadURL": "http://omsgapp-uat1.ebiz.verizon.com:3321/omsgInsight/download",
          "DeleteURL": "",
          "NonProdPreviewURL": "",
          "NonProdDownloadURL": "",
          "NonProdDeleteURL": "",
          "AccountIdentifiers": "",
          "ElementCount": 2,
          "Elements": [
            {
              "ID": 679,
              "Name": "Email Address (business or personal)",
              "Previewable": "No",
              "Downloadable": "Yes",
              "Deletable": "No"
            },
            {
              "ID": 321,
              "Name": "Customer Communications Detail (non-CPNI)",
              "Previewable": "No",
              "Downloadable": "Yes",
              "Deletable": "No"
            }
          ]
        }
      ]
    },
    {
      "ApplicationID": 23371,
      "ApplicationName": "Verizon Integration Platform",
      "Acronym": "VIP-VZW",
      "ApplID": "EV6V",
      "Products": "",
      "ServiceCount": 1,
      "Services": [
        {
          "Name": " Wireless Post-pay",
          "PreviewURL": "http://vip-sqa1.vzwcorp.com/eai/apigee/ccpa/retrieve",
          "DownloadURL": "http://vip-sqa1.vzwcorp.com/eai/apigee/ccpa/download",
          "DeleteURL": "",
          "NonProdPreviewURL": "",
          "NonProdDownloadURL": "",
          "NonProdDeleteURL": "",
          "AccountIdentifiers": "",
          "Elements": []
        }
      ]
    },
    {
      "ApplicationID": 25384,
      "ApplicationName": "MSE",
      "Acronym": "MSE",
      "ApplID": "GWMV",
      "Products": "",
      "ServiceCount": 1,
      "Services": [
        {
          "Name": "Wireline",
          "PreviewURL": "n/a",
          "DownloadURL": "",
          "DeleteURL": "",
          "NonProdPreviewURL": "",
          "NonProdDownloadURL": "",
          "NonProdDeleteURL": "",
          "AccountIdentifiers": "",
          "ElementCount": 1,
          "Elements": [
            {
              "ID": 629,
              "Name": "IP Address",
              "Previewable": "Yes",
              "Downloadable": "No",
              "Deletable": "No"
            }
          ]
        }
      ]
    },
    {
      "ApplicationID": 20906,
      "ApplicationName": "eCREDIT",
      "Acronym": "eCREDIT",
      "ApplID": "B73V",
      "Products": "",
      "ServiceCount": 1,
      "Services": [
        {
          "Name": " Wireless Post-pay",
          "PreviewURL": "http://apigateway-sqa2.odc.vzwcorp.com/vipconductor/apigee/customerservice/ccpa/retrieve",
          "DownloadURL": "http://apigateway-sqa2.odc.vzwcorp.com/vipconductor/apigee/customerservice/ccpa/download",
          "DeleteURL": "",
          "NonProdPreviewURL": "http://apigateway-sqa2.odc.vzwcorp.com/vipconductor/apigee/customerservice/ccpa/retrieve",
          "NonProdDownloadURL": "http://apigateway-sqa2.odc.vzwcorp.com/vipconductor/apigee/customerservice/ccpa/download",
          "NonProdDeleteURL": "",
          "AccountIdentifiers": "",
          "ElementCount": 1,
          "Elements": [
            {
              "ID": 324,
              "Name": "Customer or potential customer credit scores or credit status, whether derived internally or from external sources",
              "Previewable": "Yes",
              "Downloadable": "Yes",
              "Deletable": "No"
            }
          ]
        }
      ]
    },
    {
      "ApplicationID": 24221,
      "ApplicationName": "Data Grid",
      "Acronym": "Data Grid",
      "ApplID": "DAGV",
      "Products": "",
      "ServiceCount": 1,
      "Services": [
        {
          "Name": "Wireless Post-pay",
          "PreviewURL": "https://ccpadvsms-t3.ebiz.verizon.com/ccpaservice/retrievePreviewInfo",
          "DownloadURL": "https://ccpadvsms-t3.ebiz.verizon.com/ccpaservice/downloadCcpaInfo",
          "DeleteURL": "",
          "NonProdPreviewURL": "https://ccpadvsms-t3.ebiz.verizon.com/ccpaservice/retrievePreviewInfo",
          "NonProdDownloadURL": "https://ccpadvsms-t3.ebiz.verizon.com/ccpaservice/downloadCcpaInfo",
          "NonProdDeleteURL": "",
          "AccountIdentifiers": "accountID,userId,mtn,mtnEffectiveDate,imei,min,imsi,lineOfBusiness",
          "ElementCount": 4,
          "Elements": [
            {
              "ID": 773,
              "Name": "Third Party Income Level",
              "Previewable": "Yes",
              "Downloadable": "Yes",
              "Deletable": "No"
            },
            {
              "ID": 775,
              "Name": "Third Party Age Bracket",
              "Previewable": "Yes",
              "Downloadable": "Yes",
              "Deletable": "No"
            },
            {
              "ID": 777,
              "Name": "Third Party Home Value",
              "Previewable": "Yes",
              "Downloadable": "Yes",
              "Deletable": "No"
            },
            {
              "ID": 779,
              "Name": "Third Party Length of Residence",
              "Previewable": "Yes",
              "Downloadable": "Yes",
              "Deletable": "No"
            }
          ]
        }
      ]
    },
    {
      "ApplicationID": 19790,
      "ApplicationName": "National Telephone Address System",
      "Acronym": "NTAS-NPAV",
      "ApplID": "NPAV",
      "Products": "",
      "ServiceCount": 1,
      "Services": [
        {
          "Name": "Wireline",
          "PreviewURL": "https://ntasprod.verizon.com/preview",
          "DownloadURL": "https://ntasprod.verizon.com/download",
          "DeleteURL": "https://ntasprod.verizon.com/delete",
          "NonProdPreviewURL": "https://ntasuat.ebiz.verizon.com/preview",
          "NonProdDownloadURL": "https://ntasuat.ebiz.verizon.com/download",
          "NonProdDeleteURL": "https://ntasuat.ebiz.verizon.com/delete",
          "AccountIdentifiers": "accountID,userId",
          "ElementCount": 3,
          "Elements": [
            {
              "ID": 623,
              "Name": "Switch type (i.e DMS100)",
              "Previewable": "Yes",
              "Downloadable": "Yes",
              "Deletable": "No"
            },
            {
              "ID": 607,
              "Name": "CLLI Info",
              "Previewable": "Yes",
              "Downloadable": "Yes",
              "Deletable": "No"
            },
            {
              "ID": 627,
              "Name": "GPS Coordinates",
              "Previewable": "Yes",
              "Downloadable": "Yes",
              "Deletable": "Yes"
            }
          ]
        }
      ]
    },
    {
      "ApplicationID": 19991,
      "ApplicationName": "IVAPP - Integrated Verizon Advanced Provisioning Platform",
      "Acronym": "IVAPP",
      "ApplID": "IVAV",
      "Products": "",
      "ServiceCount": 1,
      "Services": [
        {
          "Name": "Wireline",
          "PreviewURL": "Preview.endpoint.url.com",
          "DownloadURL": "Dowmload.endpoint.url.com",
          "DeleteURL": "",
          "NonProdPreviewURL": "Preview.endpoint.non-prod-url.com",
          "NonProdDownloadURL": "Dowmload.endpoint.non-prod-url.com",
          "NonProdDeleteURL": "",
          "AccountIdentifiers": "email",
          "ElementCount": 1,
          "Elements": [
            {
              "ID": 773,
              "Name": "Third Party Income Level",
              "Previewable": "Yes",
              "Downloadable": "Yes",
              "Deletable": "No"
            }
          ]
        }
      ]
    }
  ]
}
