<?xml version="1.0" encoding="UTF-8"?>
<suite name="Test Suite" parallel="tests" thread-count="60">

	<listeners>
	 <!-- 	<listener class-name="com.vzw.pos.automation.reports.CustomListeners" /> -->
	 <!--  <listener class-name="com.vzw.pos.automation.latest.reports.CustomListener" /> -->
	</listeners>
	
	<test name="Delete_Personal_Information" parallel="instances" thread-count="1">
		<classes>
			<class name="com.vzw.ccpa.test.TestClass" />
		</classes>             
	</test>
	
</suite>
