<?xml version="1.0" encoding="UTF-8"?>
<configuration>
		 <logger name="org.apache" level="WARN" />
    	<logger name="httpclient" level="WARN" />
		<property name="USER_HOME" value="JenkinsBuild" />
	
		<appender name="SIFT" class="ch.qos.logback.classic.sift.SiftingAppender">
		
    <discriminator>
      <key>logFileName</key>
      <defaultValue>unknown</defaultValue>      
 	</discriminator>		
    <sift>
      <appender name="FILE-${logFileName}" class="ch.qos.logback.core.FileAppender">
        <file>${logfolder}/${logFileName}.log</file>
        <append>false</append>
        <layout class="ch.qos.logback.classic.PatternLayout">
          <pattern>%d %level %class{0} %method %L - %msg%n</pattern>
        </layout>
      </appender>
    </sift>
  </appender>

<!-- 
	<appender name="STDOUT" class="ch.qos.logback.core.ConsoleAppender">
		<layout class="ch.qos.logback.classic.PatternLayout">
			<Pattern>
				%d %level %class %L - %msg%n
			</Pattern>
		</layout>
	</appender> -->
	<appender name="STDOUT" class="ch.qos.logback.core.ConsoleAppender">
		<layout class="ch.qos.logback.classic.PatternLayout">
			<Pattern>
				%d - %msg%n
			</Pattern>
		</layout>
	</appender>

	<logger name="com.vzw.logger"
		additivity="false">
		<appender-ref ref="SIFT" />
		<appender-ref ref="STDOUT" />
	</logger>

	<root level="ALL">
    <appender-ref ref="SIFT" />
    <appender-ref ref="STDOUT" />
  	</root>

</configuration>